1001,John Smith,Computer Science
1002,Jane Doe,Mathematics
1003,Bob Johnson,Physics
1004,Alice Brown,Chemistry
1005,Charlie Wilson,Engineering
1006,David Miller,Biology
1007,Eve Davis,Psychology
1008,Frank Garcia,History
1009,Grace Rodriguez,English
1010,Hank Martinez,Economics
1011,Ivy Hernandez,Business
1012,Jack Lopez,Art
1013,Kara Gonzalez,Music
1014,Leo Wilson,Philosophy
1015,Mia Anderson,Political Science
1016,Nina Thomas,Computer Science
1017,Oscar Taylor,Mathematics
1018,Paul Moore,Physics
1019,Quinn Jackson,Chemistry
1020,Rachel Martin,Engineering
1021,Sam Lee,Biology
1022,Tina Perez,Psychology
1023,Uma Thompson,History
1024,Victor White,English
1025,Wendy Harris,Economics
1026,Xander Sanchez,Business
1027,Yara Clark,Art
1028,Zack Ramirez,Music
1029,Amy Lewis,Philosophy
1030,Ben Robinson,Political Science
1031,Cathy Walker,Computer Science
1032,Dan Young,Mathematics
1033,Elena Allen,Physics
1034,Fred King,Chemistry
1035,Gina Wright,Engineering
1036,Harry Scott,Biology
1037,Iris Torres,Psychology
1038,Jerry Nguyen,History
1039,Kelly Hill,English
1040,Larry Flores,Economics
1041,Mona Green,Business
1042,Ned Adams,Art
1043,Olive Nelson,Music
1044,Pete Baker,Philosophy
1045,Queen Hall,Political Science
1046,Ron Rivera,Computer Science
1047,Sue Campbell,Mathematics
1048,Tim Mitchell,Physics
1049,Ursula Carter,Chemistry
1050,Vince Roberts,Engineering
1051,Will Gomez,Biology
1052,Xena Phillips,Psychology
1053,Yuri Evans,History
1054,Zoe Turner,English
1055,Adam Diaz,Economics
1056,Bella Parker,Business
1057,Carl Cruz,Art
1058,Diana Edwards,Music
1059,Eric Collins,Philosophy
1060,Fay Reyes,Political Science
1061,George Stewart,Computer Science
1062,Holly Morris,Mathematics
1063,Ian Morales,Physics
1064,Jill Murphy,Chemistry
1065,Ken Cook,Engineering
1066,Lisa Rogers,Biology
1067,Matt Gutierrez,Psychology
1068,Nora Ortiz,History
1069,Owen Morgan,English
1070,Pam Cooper,Economics
1071,Quincy Peterson,Business
1072,Rose Bailey,Art
1073,Steve Reed,Music
1074,Tara Kelly,Philosophy
1075,Ugo Howard,Political Science
1076,Vicky Ramos,Computer Science
1077,Walt Kim,Mathematics
1078,Xenia Cox,Physics
1079,Yusuf Ward,Chemistry
1080,Zara Richardson,Engineering
1081,Alex Watson,Biology
1082,Beth Brooks,Psychology
1083,Chris Chavez,History
1084,Dawn Wood,English
1085,Evan James,Economics
1086,Faith Bennett,Business
1087,Gary Gray,Art
1088,Hope Mendoza,Music
1089,Ivan Ruiz,Philosophy
1090,Jen Hughes,Political Science
1091,Kyle Price,Computer Science
1092,Lara Alvarez,Mathematics
1093,Mike Castillo,Physics
1094,Nancy Sanders,Chemistry
1095,Otis Patel,Engineering
1096,Pat Myers,Biology
1097,Quin Long,Psychology
1098,Ruth Ross,History
1099,Seth Foster,English
1100,Tess Jimenez,Economics
1101,Uri Powell,Business
1102,Val Jenkins,Art
1103,Wes Perry,Music
1104,Xia Russell,Philosophy
1105,Yanni Sullivan,Political Science
1106,Zack Bell,Computer Science
1107,Abby Coleman,Mathematics
1108,Bill Butler,Physics
1109,Cara Henderson,Chemistry
1110,Dave Barnes,Engineering
1111,Eva Gonzales,Biology
1112,Frank Fisher,Psychology
1113,Gail Vasquez,History
1114,Hal Simmons,English
1115,Ina Romero,Economics
1116,Joe Jordan,Business
1117,Kim Patterson,Art
1118,Leo Alexander,Music
1119,May Hamilton,Philosophy
1120,Nick Graham,Political Science
1121,Opal Reynolds,Computer Science
1122,Phil Griffin,Mathematics
1123,Queen Wallace,Physics
1124,Ray Moreno,Chemistry
1125,Sara West,Engineering
1126,Tom Cole,Biology
1127,Una Hayes,Psychology
1128,Vic Bryant,History
1129,Wanda Herrera,English
1130,Xavier Gibson,Economics
1131,Yana Ellis,Business
1132,Zane Tran,Art
1133,Aaron Medina,Music
1134,Brenda Aguilar,Philosophy
1135,Cody Stevens,Political Science
1136,Dora Murray,Computer Science
1137,Eli Ford,Mathematics
1138,Fern Castro,Physics
1139,Gil Marshall,Chemistry
1140,Hazel Owens,Engineering
1141,Ira Harrison,Biology
1142,Jan Fernandez,Psychology
1143,Kurt McDonald,History
1144,Lia Woods,English
1145,Mark Washington,Economics
1146,Nell Kennedy,Business
1147,Omar Wells,Art
1148,Pia Vargas,Music
1149,Quin Henry,Philosophy
1150,Rob Chen,Political Science
1151,Sky Freeman,Computer Science
1152,Ted Webb,Mathematics
1153,Ula Tucker,Physics
1154,Van Guzman,Chemistry
1155,Will Burns,Engineering
1156,Ximena Crawford,Biology
1157,Yael Olson,Psychology
1158,Zeke Simpson,History
1159,Andy Porter,English
1160,Bea Mason,Economics
1161,Cole Hunter,Business
1162,Dee Gordon,Art
1163,Ed Shaw,Music
1164,Fran Holmes,Philosophy
1165,Gus Rice,Political Science
1166,Hope Robertson,Computer Science
1167,Ian Hunt,Mathematics
1168,Joy Black,Physics
1169,Kai Daniels,Chemistry
1170,Lou Palmer,Engineering
1171,Meg Mills,Biology
1172,Ned Nichols,Psychology
1173,Ola Grant,History
1174,Pat Knight,English
1175,Quinn Ferguson,Economics
1176,Rex Rose,Business
1177,Sue Stone,Art
1178,Ty Hawkins,Music
1179,Uma Dunn,Philosophy
1180,Val Perkins,Political Science
1181,Wes Hudson,Computer Science
1182,Xia Spencer,Mathematics
1183,Yuri Gardner,Physics
1184,Zoe Stephens,Chemistry
1185,Adam Payne,Engineering
1186,Bella Pierce,Biology
1187,Carl Berry,Psychology
1188,Diana Matthews,History
1189,Eric Arnold,English
1190,Fay Wagner,Economics
1191,George Willis,Business
1192,Holly Ray,Art
1193,Ian Watkins,Music
1194,Jill Olson,Philosophy
1195,Ken Carroll,Political Science
1196,Lisa Duncan,Computer Science
1197,Matt Snyder,Mathematics
1198,Nora Hart,Physics
1199,Owen Cunningham,Chemistry
1200,Pam Bradley,Engineering
1201,Quincy Lane,Biology
1202,Rose Andrews,Psychology
1203,Steve Ruiz,History
1204,Tara Harper,English
1205,Ugo Fox,Economics
1206,Vicky Riley,Business
1207,Walt Armstrong,Art
1208,Xenia Carpenter,Music
1209,Yusuf Weaver,Philosophy
1210,Zara Greene,Political Science
1211,Alex Lawrence,Computer Science
1212,Beth Elliott,Mathematics
1213,Chris Chavez,Physics
1214,Dawn Sims,Chemistry
1215,Evan Austin,Engineering
1216,Faith Peters,Biology
1217,Gary Kelley,Psychology
1218,Hope Franklin,History
1219,Ivan Lawson,English
1220,Jen Fields,Economics
1221,Kyle Gutierrez,Business
1222,Lara Ryan,Art
1223,Mike Schmidt,Music
1224,Nancy Carr,Philosophy
1225,Otis Vasquez,Political Science
1226,Pat Castillo,Computer Science
1227,Quin Wheeler,Mathematics
1228,Ruth Chapman,Physics
1229,Seth Oliver,Chemistry
1230,Tess Montgomery,Engineering
1231,Uri Richards,Biology
1232,Val Williamson,Psychology
1233,Wes Johnston,History
1234,Xia Banks,English
1235,Yanni Meyer,Economics
1236,Zack Bishop,Business
1237,Abby McCoy,Art
1238,Bill Howell,Music
1239,Cara Alvarez,Philosophy
1240,Dave Morrison,Political Science
1241,Eva Hansen,Computer Science
1242,Frank Fernandez,Mathematics
1243,Gail Garza,Physics
1244,Hal Harvey,Chemistry
1245,Ina Little,Engineering
1246,Joe Burton,Biology
1247,Kim Stanley,Psychology
1248,Leo Nguyen,History
1249,May George,English
1250,Nick Jacobs,Economics
1251,Opal Reid,Business
1252,Phil Kim,Art
1253,Queen Fuller,Music
1254,Ray Lynch,Philosophy
1255,Sara Dean,Political Science
1256,Tom Gilbert,Computer Science
1257,Una Garrett,Mathematics
1258,Vic Romero,Physics
1259,Wanda Welch,Chemistry
1260,Xavier Larson,Engineering
1261,Yana Frazier,Biology
1262,Zane Burke,Psychology
1263,Aaron Hanson,History
1264,Brenda Day,English
1265,Cody Mendoza,Economics
1266,Dora More,Business
1267,Eli Bowman,Art
1268,Fern Medina,Music
1269,Gil Fowler,Philosophy
1270,Hazel Brewer,Political Science
1271,Ira Hoffman,Computer Science
1272,Jan Carlson,Mathematics
1273,Kurt Silva,Physics
1274,Lia Pearson,Chemistry
1275,Mark Curtis,Engineering
1276,Nell Hopkins,Biology
1277,Omar Snyder,Psychology
1278,Pia Keller,History
1279,Quin Casey,English
1280,Rob Phillips,Economics
1281,Sky Guerrero,Business
1282,Ted Dunn,Art
1283,Ula Hines,Music
1284,Van Guy,Philosophy
1285,Will Chandler,Political Science
1286,Ximena Lambert,Computer Science
1287,Yael Terry,Mathematics
1288,Zeke Hale,Physics
1289,Andy Rhodes,Chemistry
1290,Bea Stevenson,Engineering
1291,Cole Dalton,Biology
1292,Dee Pugh,Psychology
1293,Ed Barron,History
1294,Fran Barker,English
1295,Gus York,Economics
1296,Hope Jacobs,Business
1297,Ian Monroe,Art
1298,Joy Morrow,Music
1299,Kai Kirby,Philosophy
1300,Lou Benson,Political Science
1301,Alex Adams,Computer Science
1302,Beth Allen,Mathematics
1303,Chris Anderson,Physics
1304,Dawn Andrews,Chemistry
1305,Evan Armstrong,Engineering
1306,Faith Arnold,Biology
1307,Gary Austin,Psychology
1308,Hope Bailey,History
1309,Ivan Baker,English
1310,Jen Banks,Economics
1311,Kyle Barnes,Business
1312,Lara Barron,Art
1313,Mike Bell,Music
1314,Nancy Bennett,Philosophy
1315,Otis Benson,Political Science
1316,Pat Berry,Computer Science
1317,Quin Bishop,Mathematics
1318,Ruth Black,Physics
1319,Seth Bowman,Chemistry
1320,Tess Bradley,Engineering
1321,Uri Brewer,Biology
1322,Val Brooks,Psychology
1323,Wes Brown,History
1324,Xia Bryant,English
1325,Yanni Burns,Economics
1326,Zack Burton,Business
1327,Abby Butler,Art
1328,Bill Campbell,Music
1329,Cara Carlson,Philosophy
1330,Dave Carpenter,Political Science
1331,Eva Carr,Computer Science
1332,Frank Carroll,Mathematics
1333,Gail Carter,Physics
1334,Hal Casey,Chemistry
1335,Ina Castillo,Engineering
1336,Joe Castro,Biology
1337,Kim Chandler,Psychology
1338,Leo Chapman,History
1339,May Chavez,English
1340,Nick Clark,Economics
1341,Opal Cole,Business
1342,Phil Coleman,Art
1343,Queen Collins,Music
1344,Ray Cook,Philosophy
1345,Sara Cooper,Political Science
1346,Tom Cox,Computer Science
1347,Una Crawford,Mathematics
1348,Vic Cruz,Physics
1349,Wanda Cunningham,Chemistry
1350,Xavier Curtis,Engineering
1351,Yana Dalton,Biology
1352,Zane Daniels,Psychology
1353,Aaron Davis,History
1354,Brenda Day,English
1355,Cody Dean,Economics
1356,Dora Diaz,Business
1357,Eli Duncan,Art
1358,Fern Dunn,Music
1359,Gil Edwards,Philosophy
1360,Hazel Elliott,Political Science
1361,Ira Ellis,Computer Science
1362,Jan Evans,Mathematics
1363,Kurt Ferguson,Physics
1364,Lia Fernandez,Chemistry
1365,Mark Fields,Engineering
1366,Nell Fisher,Biology
1367,Omar Flores,Psychology
1368,Pia Ford,History
1369,Quin Foster,English
1370,Rob Fowler,Economics
1371,Sky Fox,Business
1372,Ted Franklin,Art
1373,Ula Frazier,Music
1374,Van Freeman,Philosophy
1375,Will Fuller,Political Science
1376,Ximena Garcia,Computer Science
1377,Yael Gardner,Mathematics
1378,Zeke Garrett,Physics
1379,Andy Garza,Chemistry
1380,Bea George,Engineering
1381,Cole Gibson,Biology
1382,Dee Gilbert,Psychology
1383,Ed Gomez,History
1384,Fran Gonzales,English
1385,Gus Gonzalez,Economics
1386,Hope Gordon,Business
1387,Ian Graham,Art
1388,Joy Grant,Music
1389,Kai Gray,Philosophy
1390,Lou Green,Political Science
1391,Meg Greene,Computer Science
1392,Ned Griffin,Mathematics
1393,Ola Guerrero,Physics
1394,Pat Guzman,Chemistry
1395,Quinn Hale,Engineering
1396,Rex Hall,Biology
1397,Sue Hamilton,Psychology
1398,Ty Hansen,History
1399,Uma Hanson,English
1400,Val Harper,Economics
1401,Wes Harris,Business
1402,Xia Harrison,Art
1403,Yuri Hart,Music
1404,Zoe Harvey,Philosophy
1405,Adam Hawkins,Political Science
1406,Bella Hayes,Computer Science
1407,Carl Henderson,Mathematics
1408,Diana Henry,Physics
1409,Eric Hernandez,Chemistry
1410,Fay Herrera,Engineering
1411,George Hill,Biology
1412,Holly Hines,Psychology
1413,Ian Hoffman,History
1414,Jill Holmes,English
1415,Ken Hopkins,Economics
1416,Lisa Howard,Business
1417,Matt Howell,Art
1418,Nora Hudson,Music
1419,Owen Hughes,Philosophy
1420,Pam Hunt,Political Science
1421,Quincy Hunter,Computer Science
1422,Rose Jackson,Mathematics
1423,Steve Jacobs,Physics
1424,Tara James,Chemistry
1425,Ugo Jenkins,Engineering
1426,Vicky Jimenez,Biology
1427,Walt Johnson,Psychology
1428,Xenia Johnston,History
1429,Yusuf Jones,English
1430,Zara Jordan,Economics
1431,Alex Keller,Business
1432,Beth Kelley,Art
1433,Chris Kelly,Music
1434,Dawn Kennedy,Philosophy
1435,Evan Kim,Political Science
1436,Faith King,Computer Science
1437,Gary Kirby,Mathematics
1438,Hope Knight,Physics
1439,Ivan Lambert,Chemistry
1440,Jen Lane,Engineering
1441,Kyle Larson,Biology
1442,Lara Lawrence,Psychology
1443,Mike Lawson,History
1444,Nancy Lee,English
1445,Otis Lewis,Economics
1446,Pat Little,Business
1447,Quin Long,Art
1448,Ruth Lopez,Music
1449,Seth Lynch,Philosophy
1450,Tess Marshall,Political Science
1451,Uri Martin,Computer Science
1452,Val Martinez,Mathematics
1453,Wes Mason,Physics
1454,Xia Matthews,Chemistry
1455,Yanni McCoy,Engineering
1456,Zack McDonald,Biology
1457,Abby Medina,Psychology
1458,Bill Mendoza,History
1459,Cara Meyer,English
1460,Dave Miller,Economics
1461,Eva Mills,Business
1462,Frank Mitchell,Art
1463,Gail Monroe,Music
1464,Hal Montgomery,Philosophy
1465,Ina Moore,Political Science
1466,Joe Morales,Computer Science
1467,Kim More,Mathematics
1468,Leo Moreno,Physics
1469,May Morgan,Chemistry
1470,Nick Morris,Engineering
1471,Opal Morrison,Biology
1472,Phil Morrow,Psychology
1473,Queen Murphy,History
1474,Ray Murray,English
1475,Sara Myers,Economics
1476,Tom Nelson,Business
1477,Una Nguyen,Art
1478,Vic Nichols,Music
1479,Wanda Oliver,Philosophy
1480,Xavier Olson,Political Science
1481,Yana Ortiz,Computer Science
1482,Zane Owens,Mathematics
1483,Aaron Palmer,Physics
1484,Brenda Parker,Chemistry
1485,Cody Patel,Engineering
1486,Dora Patterson,Biology
1487,Eli Payne,Psychology
1488,Fern Pearson,History
1489,Gil Perez,English
1490,Hazel Perkins,Economics
1491,Ira Perry,Business
1492,Jan Peters,Art
1493,Kurt Peterson,Music
1494,Lia Phillips,Philosophy
1495,Mark Pierce,Political Science
1496,Nell Porter,Computer Science
1497,Omar Powell,Mathematics
1498,Pia Price,Physics
1499,Quin Pugh,Chemistry
1500,Rob Ramirez,Engineering
1501,Sky Ramos,Biology
1502,Ted Ray,Psychology
1503,Ula Reed,History
1504,Van Reid,English
1505,Will Reyes,Economics
1506,Ximena Reynolds,Business
1507,Yael Rhodes,Art
1508,Zeke Rice,Music
1509,Andy Richards,Philosophy
1510,Bea Richardson,Political Science
1511,Cole Riley,Computer Science
1512,Dee Rivera,Mathematics
1513,Ed Roberts,Physics
1514,Fran Robertson,Chemistry
1515,Gus Robinson,Engineering
1516,Hope Rodriguez,Biology
1517,Ian Rogers,Psychology
1518,Joy Romero,History
1519,Kai Rose,English
1520,Lou Ross,Economics
1521,Meg Ruiz,Business
1522,Ned Russell,Art
1523,Ola Ryan,Music
1524,Pat Sanchez,Philosophy
1525,Quinn Sanders,Political Science
1526,Rex Schmidt,Computer Science
1527,Sue Scott,Mathematics
1528,Ty Shaw,Physics
1529,Uma Silva,Chemistry
1530,Val Simmons,Engineering
1531,Wes Simpson,Biology
1532,Xia Sims,Psychology
1533,Yuri Smith,History
1534,Zoe Snyder,English
1535,Adam Spencer,Economics
1536,Bella Stanley,Business
1537,Carl Stephens,Art
1538,Diana Stevens,Music
1539,Eric Stevenson,Philosophy
1540,Fay Stewart,Political Science
1541,George Stone,Computer Science
1542,Holly Sullivan,Mathematics
1543,Ian Taylor,Physics
1544,Jill Terry,Chemistry
1545,Ken Thomas,Engineering
1546,Lisa Thompson,Biology
1547,Matt Torres,Psychology
1548,Nora Tran,History
1549,Owen Tucker,English
1550,Pam Turner,Economics
1551,Quincy Vargas,Business
1552,Rose Vasquez,Art
1553,Steve Wagner,Music
1554,Tara Walker,Philosophy
1555,Ugo Wallace,Political Science
1556,Vicky Ward,Computer Science
1557,Walt Washington,Mathematics
1558,Xenia Watkins,Physics
1559,Yusuf Watson,Chemistry
1560,Zara Weaver,Engineering
1561,Alex Webb,Biology
1562,Beth Welch,Psychology
1563,Chris Wells,History
1564,Dawn West,English
1565,Evan Wheeler,Economics
1566,Faith White,Business
1567,Gary Williams,Art
1568,Hope Williamson,Music
1569,Ivan Willis,Philosophy
1570,Jen Wilson,Political Science
1571,Kyle Wood,Computer Science
1572,Lara Woods,Mathematics
1573,Mike Wright,Physics
1574,Nancy York,Chemistry
1575,Otis Young,Engineering
1576,Pat Adams,Biology
1577,Quin Allen,Psychology
1578,Ruth Anderson,History
1579,Seth Andrews,English
1580,Tess Armstrong,Economics
1581,Uri Arnold,Business
1582,Val Austin,Art
1583,Wes Bailey,Music
1584,Xia Baker,Philosophy
1585,Yanni Banks,Political Science
1586,Zack Barnes,Computer Science
1587,Abby Barron,Mathematics
1588,Bill Bell,Physics
1589,Cara Bennett,Chemistry
1590,Dave Benson,Engineering
1591,Eva Berry,Biology
1592,Frank Bishop,Psychology
1593,Gail Black,History
1594,Hal Bowman,English
1595,Ina Bradley,Economics
1596,Joe Brewer,Business
1597,Kim Brooks,Art
1598,Leo Brown,Music
1599,May Bryant,Philosophy
1600,Nick Burns,Political Science
1601,Opal Burton,Computer Science
1602,Phil Butler,Mathematics
1603,Queen Campbell,Physics
1604,Ray Carlson,Chemistry
1605,Sara Carpenter,Engineering
1606,Tom Carr,Biology
1607,Una Carroll,Psychology
1608,Vic Carter,History
1609,Wanda Casey,English
1610,Xavier Castillo,Economics
1611,Yana Castro,Business
1612,Zane Chandler,Art
1613,Aaron Chapman,Music
1614,Brenda Chavez,Philosophy
1615,Cody Clark,Political Science
1616,Dora Cole,Computer Science
1617,Eli Coleman,Mathematics
1618,Fern Collins,Physics
1619,Gil Cook,Chemistry
1620,Hazel Cooper,Engineering
1621,Ira Cox,Biology
1622,Jan Crawford,Psychology
1623,Kurt Cruz,History
1624,Lia Cunningham,English
1625,Mark Curtis,Economics
1626,Nell Dalton,Business
1627,Omar Daniels,Art
1628,Pia Davis,Music
1629,Quin Day,Philosophy
1630,Rob Dean,Political Science
1631,Sky Diaz,Computer Science
1632,Ted Duncan,Mathematics
1633,Ula Dunn,Physics
1634,Van Edwards,Chemistry
1635,Will Elliott,Engineering
1636,Ximena Ellis,Biology
1637,Yael Evans,Psychology
1638,Zeke Ferguson,History
1639,Andy Fernandez,English
1640,Bea Fields,Economics
1641,Cole Fisher,Business
1642,Dee Flores,Art
1643,Ed Ford,Music
1644,Fran Foster,Philosophy
1645,Gus Fowler,Political Science
1646,Hope Fox,Computer Science
1647,Ian Franklin,Mathematics
1648,Joy Frazier,Physics
1649,Kai Freeman,Chemistry
1650,Lou Fuller,Engineering
1651,Meg Garcia,Biology
1652,Ned Gardner,Psychology
1653,Ola Garrett,History
1654,Pat Garza,English
1655,Quinn George,Economics
1656,Rex Gibson,Business
1657,Sue Gilbert,Art
1658,Ty Gomez,Music
1659,Uma Gonzales,Philosophy
1660,Val Gonzalez,Political Science
1661,Wes Gordon,Computer Science
1662,Xia Graham,Mathematics
1663,Yuri Grant,Physics
1664,Zoe Gray,Chemistry
1665,Adam Green,Engineering
1666,Bella Greene,Biology
1667,Carl Griffin,Psychology
1668,Diana Guerrero,History
1669,Eric Guzman,English
1670,Fay Hale,Economics
1671,George Hall,Business
1672,Holly Hamilton,Art
1673,Ian Hansen,Music
1674,Jill Hanson,Philosophy
1675,Ken Harper,Political Science
1676,Lisa Harris,Computer Science
1677,Matt Harrison,Mathematics
1678,Nora Hart,Physics
1679,Owen Harvey,Chemistry
1680,Pam Hawkins,Engineering
1681,Quincy Hayes,Biology
1682,Rose Henderson,Psychology
1683,Steve Henry,History
1684,Tara Hernandez,English
1685,Ugo Herrera,Economics
1686,Vicky Hill,Business
1687,Walt Hines,Art
1688,Xenia Hoffman,Music
1689,Yusuf Holmes,Philosophy
1690,Zara Hopkins,Political Science
1691,Alex Howard,Computer Science
1692,Beth Howell,Mathematics
1693,Chris Hudson,Physics
1694,Dawn Hughes,Chemistry
1695,Evan Hunt,Engineering
1696,Faith Hunter,Biology
1697,Gary Jackson,Psychology
1698,Hope Jacobs,History
1699,Ivan James,English
1700,Jen Jenkins,Economics
1701,Kyle Jimenez,Business
1702,Lara Johnson,Art
1703,Mike Johnston,Music
1704,Nancy Jones,Philosophy
1705,Otis Jordan,Political Science
1706,Pat Keller,Computer Science
1707,Quin Kelley,Mathematics
1708,Ruth Kelly,Physics
1709,Seth Kennedy,Chemistry
1710,Tess Kim,Engineering
1711,Uri King,Biology
1712,Val Kirby,Psychology
1713,Wes Knight,History
1714,Xia Lambert,English
1715,Yanni Lane,Economics
1716,Zack Larson,Business
1717,Abby Lawrence,Art
1718,Bill Lawson,Music
1719,Cara Lee,Philosophy
1720,Dave Lewis,Political Science
1721,Eva Little,Computer Science
1722,Frank Long,Mathematics
1723,Gail Lopez,Physics
1724,Hal Lynch,Chemistry
1725,Ina Marshall,Engineering
1726,Joe Martin,Biology
1727,Kim Martinez,Psychology
1728,Leo Mason,History
1729,May Matthews,English
1730,Nick McCoy,Economics
1731,Opal McDonald,Business
1732,Phil Medina,Art
1733,Queen Mendoza,Music
1734,Ray Meyer,Philosophy
1735,Sara Miller,Political Science
1736,Tom Mills,Computer Science
1737,Una Mitchell,Mathematics
1738,Vic Monroe,Physics
1739,Wanda Montgomery,Chemistry
1740,Xavier Moore,Engineering
1741,Yana Morales,Biology
1742,Zane More,Psychology
1743,Aaron Moreno,History
1744,Brenda Morgan,English
1745,Cody Morris,Economics
1746,Dora Morrison,Business
1747,Eli Morrow,Art
1748,Fern Murphy,Music
1749,Gil Murray,Philosophy
1750,Hazel Myers,Political Science
1751,Ira Nelson,Computer Science
1752,Jan Nguyen,Mathematics
1753,Kurt Nichols,Physics
1754,Lia Oliver,Chemistry
1755,Mark Olson,Engineering
1756,Nell Ortiz,Biology
1757,Omar Owens,Psychology
1758,Pia Palmer,History
1759,Quin Parker,English
1760,Rob Patel,Economics
1761,Sky Patterson,Business
1762,Ted Payne,Art
1763,Ula Pearson,Music
1764,Van Perez,Philosophy
1765,Will Perkins,Political Science
1766,Ximena Perry,Computer Science
1767,Yael Peters,Mathematics
1768,Zeke Peterson,Physics
1769,Andy Phillips,Chemistry
1770,Bea Pierce,Engineering
1771,Cole Porter,Biology
1772,Dee Powell,Psychology
1773,Ed Price,History
1774,Fran Pugh,English
1775,Gus Ramirez,Economics
1776,Hope Ramos,Business
1777,Ian Ray,Art
1778,Joy Reed,Music
1779,Kai Reid,Philosophy
1780,Lou Reyes,Political Science
1781,Meg Reynolds,Computer Science
1782,Ned Rhodes,Mathematics
1783,Ola Rice,Physics
1784,Pat Richards,Chemistry
1785,Quinn Richardson,Engineering
1786,Rex Riley,Biology
1787,Sue Rivera,Psychology
1788,Ty Roberts,History
1789,Uma Robertson,English
1790,Val Robinson,Economics
1791,Wes Rodriguez,Business
1792,Xia Rogers,Art
1793,Yuri Romero,Music
1794,Zoe Rose,Philosophy
1795,Adam Ross,Political Science
1796,Bella Ruiz,Computer Science
1797,Carl Russell,Mathematics
1798,Diana Ryan,Physics
1799,Eric Sanchez,Chemistry
1800,Fay Sanders,Engineering
1801,George Schmidt,Biology
1802,Holly Scott,Psychology
1803,Ian Shaw,History
1804,Jill Silva,English
1805,Ken Simmons,Economics
1806,Lisa Simpson,Business
1807,Matt Sims,Art
1808,Nora Smith,Music
1809,Owen Snyder,Philosophy
1810,Pam Spencer,Political Science
1811,Quincy Stanley,Computer Science
1812,Rose Stephens,Mathematics
1813,Steve Stevens,Physics
1814,Tara Stevenson,Chemistry
1815,Ugo Stewart,Engineering
1816,Vicky Stone,Biology
1817,Walt Sullivan,Psychology
1818,Xenia Taylor,History
1819,Yusuf Terry,English
1820,Zara Thomas,Economics
1821,Alex Thompson,Business
1822,Beth Torres,Art
1823,Chris Tran,Music
1824,Dawn Tucker,Philosophy
1825,Evan Turner,Political Science
1826,Faith Vargas,Computer Science
1827,Gary Vasquez,Mathematics
1828,Hope Wagner,Physics
1829,Ivan Walker,Chemistry
1830,Jen Wallace,Engineering
1831,Kyle Ward,Biology
1832,Lara Washington,Psychology
1833,Mike Watkins,History
1834,Nancy Watson,English
1835,Otis Weaver,Economics
1836,Pat Webb,Business
1837,Quin Welch,Art
1838,Ruth Wells,Music
1839,Seth West,Philosophy
1840,Tess Wheeler,Political Science
1841,Uri White,Computer Science
1842,Val Williams,Mathematics
1843,Wes Williamson,Physics
1844,Xia Willis,Chemistry
1845,Yanni Wilson,Engineering
1846,Zack Wood,Biology
1847,Abby Woods,Psychology
1848,Bill Wright,History
1849,Cara York,English
1850,Dave Young,Economics
1851,Eva Adams,Business
1852,Frank Allen,Art
1853,Gail Anderson,Music
1854,Hal Andrews,Philosophy
1855,Ina Armstrong,Political Science
1856,Joe Arnold,Computer Science
1857,Kim Austin,Mathematics
1858,Leo Bailey,Physics
1859,May Baker,Chemistry
1860,Nick Banks,Engineering
1861,Opal Barnes,Biology
1862,Phil Barron,Psychology
1863,Queen Bell,History
1864,Ray Bennett,English
1865,Sara Benson,Economics
1866,Tom Berry,Business
1867,Una Bishop,Art
1868,Vic Black,Music
1869,Wanda Bowman,Philosophy
1870,Xavier Bradley,Political Science
1871,Yana Brewer,Computer Science
1872,Zane Brooks,Mathematics
1873,Aaron Brown,Physics
1874,Brenda Bryant,Chemistry
1875,Cody Burns,Engineering
1876,Dora Burton,Biology
1877,Eli Butler,Psychology
1878,Fern Campbell,History
1879,Gil Carlson,English
1880,Hazel Carpenter,Economics
1881,Ira Carr,Business
1882,Jan Carroll,Art
1883,Kurt Carter,Music
1884,Lia Casey,Philosophy
1885,Mark Castillo,Political Science
1886,Nell Castro,Computer Science
1887,Omar Chandler,Mathematics
1888,Pia Chapman,Physics
1889,Quin Chavez,Chemistry
1890,Rob Clark,Engineering
1891,Sky Cole,Biology
1892,Ted Coleman,Psychology
1893,Ula Collins,History
1894,Van Cook,English
1895,Will Cooper,Economics
1896,Ximena Cox,Business
1897,Yael Crawford,Art
1898,Zeke Cruz,Music
1899,Andy Cunningham,Philosophy
1900,Bea Curtis,Political Science
1901,Cole Dalton,Computer Science
1902,Dee Daniels,Mathematics
1903,Ed Davis,Physics
1904,Fran Day,Chemistry
1905,Gus Dean,Engineering
1906,Hope Diaz,Biology
1907,Ian Duncan,Psychology
1908,Joy Dunn,History
1909,Kai Edwards,English
1910,Lou Elliott,Economics
1911,Meg Ellis,Business
1912,Ned Evans,Art
1913,Ola Ferguson,Music
1914,Pat Fernandez,Philosophy
1915,Quinn Fields,Political Science
1916,Rex Fisher,Computer Science
1917,Sue Flores,Mathematics
1918,Ty Ford,Physics
1919,Uma Foster,Chemistry
1920,Val Fowler,Engineering
1921,Wes Fox,Biology
1922,Xia Franklin,Psychology
1923,Yuri Frazier,History
1924,Zoe Freeman,English
1925,Adam Fuller,Economics
1926,Bella Garcia,Business
1927,Carl Gardner,Art
1928,Diana Garrett,Music
1929,Eric Garza,Philosophy
1930,Fay George,Political Science
1931,George Gibson,Computer Science
1932,Holly Gilbert,Mathematics
1933,Ian Gomez,Physics
1934,Jill Gonzales,Chemistry
1935,Ken Gonzalez,Engineering
1936,Lisa Gordon,Biology
1937,Matt Graham,Psychology
1938,Nora Grant,History
1939,Owen Gray,English
1940,Pam Green,Economics
1941,Quincy Greene,Business
1942,Rose Griffin,Art
1943,Steve Guerrero,Music
1944,Tara Guzman,Philosophy
1945,Ugo Hale,Political Science
1946,Vicky Hall,Computer Science
1947,Walt Hamilton,Mathematics
1948,Xenia Hansen,Physics
1949,Yusuf Hanson,Chemistry
1950,Zara Harper,Engineering
1951,Alex Harris,Biology
1952,Beth Harrison,Psychology
1953,Chris Hart,History
1954,Dawn Harvey,English
1955,Evan Hawkins,Economics
1956,Faith Hayes,Business
1957,Gary Henderson,Art
1958,Hope Henry,Music
1959,Ivan Hernandez,Philosophy
1960,Jen Herrera,Political Science
1961,Kyle Hill,Computer Science
1962,Lara Hines,Mathematics
1963,Mike Hoffman,Physics
1964,Nancy Holmes,Chemistry
1965,Otis Hopkins,Engineering
1966,Pat Howard,Biology
1967,Quin Howell,Psychology
1968,Ruth Hudson,History
1969,Seth Hughes,English
1970,Tess Hunt,Economics
1971,Uri Hunter,Business
1972,Val Jackson,Art
1973,Wes Jacobs,Music
1974,Xia James,Philosophy
1975,Yanni Jenkins,Political Science
1976,Zack Jimenez,Computer Science
1977,Abby Johnson,Mathematics
1978,Bill Johnston,Physics
1979,Cara Jones,Chemistry
1980,Dave Jordan,Engineering
1981,Eva Keller,Biology
1982,Frank Kelley,Psychology
1983,Gail Kelly,History
1984,Hal Kennedy,English
1985,Ina Kim,Economics
1986,Joe King,Business
1987,Kim Kirby,Art
1988,Leo Knight,Music
1989,May Lambert,Philosophy
1990,Nick Lane,Political Science
1991,Opal Larson,Computer Science
1992,Phil Lawrence,Mathematics
1993,Queen Lawson,Physics
1994,Ray Lee,Chemistry
1995,Sara Lewis,Engineering
1996,Tom Little,Biology
1997,Una Long,Psychology
1998,Vic Lopez,History
1999,Wanda Lynch,English
2000,Xavier Marshall,Economics
